{"Name":"EffectSequence","IsActive":true,"Color":{"r":0.6792452931404114,"g":0.11173143982887268,"b":0.01601993478834629,"a":1.0}}