{"Name":"SceneHandler","IsActive":false,"Color":{"r":1.0,"g":0.9461908340454102,"b":0.014150917530059815,"a":1.0}}